Company,Region,Phone,Contact,Email,Availability,Notes,City,State,Zip
Cobra Locksmiths NYC,NY - Brooklyn/Metro,347-797-1671,Dispatch,service@cobralocksmiths.com,24/7,Especialistas en Semi-Trucks y reemplazo de llaves perdidas,Brooklyn,NY,11215
Safehouse Locksmith,NY - Manhattan,212-757-1111,Service Dept,info@safehouselocksmith.com,24/7,Programación de llaves para Freightliner y camiones pesados,New York,NY,10036
Pop-A-Lock Queens,NY - Queens,718-997-7233,Fleet Manager,queens@popalock.com,24/7,Servicios de flota comercial (Fleet Services) y desbloqueo,Queens,NY,11365
Pop-A-Lock Long Island,NY - Nassau/Suffolk,516-753-5625,Dispatch,longisland@popalock.com,24/7,Soporte para vehículos especiales y camiones comerciales,Westbury,NY,11590
Mr. Locks,NY - NYC General,212-780-0144,Support Team,info@mr-locks.com,24/7,Reparación de ignición y servicios automotrices comerciales,New York,NY,10010
Sonic Locksmith,NY - Long Island,844-255-5397,Tech Lead,support@soniclockandkey.com,24/7,Reemplazo de llaves y remotos para flotas,Hempstead,NY,11550
Paragon Security,NY - Metro Area,212-620-9000,Commercial Dept,service@paragonsecurityny.com,24/7,Cuentas corporativas y de flota disponibles,New York,NY,10014
Buffalo Mobile Locksmith,NY - Buffalo / Western,716-335-5625,Dispatch,service@buffalomobilelocksmith.com,24/7,Cobertura I-90 Oeste. Especialistas en ignición.,Buffalo,NY,14225
Pop-A-Lock of Rochester,NY - Rochester / Finger Lakes,585-244-5625,Fleet Accounts,rochester@popalock.com,24/7,Servicio móvil para camiones en ruta.,Rochester,NY,14623
Pro-Keys Locksmith,NY - Syracuse / Central,315-463-5397,Service Mgr,info@prokeyssyracuse.com,Mon-Sat,Cobertura intersección I-90 e I-81.,Syracuse,NY,13206
Tech Valley Lock,NY - Albany / Capital,518-369-8212,Chris,techvalleylock@gmail.com,24/7,Soporte para Heavy Duty en el corredor I-87.,Albany,NY,12205
A-1 Locksmith Service,NY - Binghamton / Southern Tier,607-722-6805,Dispatch,contact@a1locksmithbinghamton.com,24/7,Clave para camiones entrando desde PA por la I-81.,Binghamton,NY,13901
Plattsburgh Locksmith,NY - North Country,518-561-1250,Owner,service@plattsburghlock.com,Mon-Fri,Cerca de frontera canadiense (I-87 Norte).,Plattsburgh,NY,12901
Advanced Lock & Key,NY - Hudson Valley,845-562-5000,Dispatch,info@advancedlockny.com,24/7,Servicio en Newburgh y Poughkeepsie (I-84/I-87).,Newburgh,NY,12550
Tri-State Lock,NY - Jamestown / SW,716-665-2740,Service,tristatelock@windstream.net,Mon-Sat,Zona suroeste remota (Southern Tier Expressway).,Jamestown,NY,14701
